Timestamp,SinceStart,X,Y,Theta,VelocityX,VelocityY,VelocityTheta,StoneInRobot,StoneClamped,ArmIsHome,ArmIsDown,ArmIsOut
21:12:38.687,2124.0,9.009019744287432,111.00959538978036,0.005688626950509461,5.705162928834959E-9,7.039170457379032E-8,-2.77481947257567E-13,false,false,false,false,false
21:12:38.726,2163.0,9.047211206352317,111.0714703079987,0.028880721441048036,0.3322438753711258,0.313551858692391,0.5348244344798252,false,false,false,false,false
21:12:38.765,2202.0,9.186614189432293,111.19161882401725,0.07614008379912664,3.50273095418504,2.375943370269467,1.1760118420895906,false,false,false,false,false
21:12:38.843,2279.0,9.603728591737159,111.53157153183517,0.20566574359534207,5.511314222901564,4.024630159224774,1.6582255156410206,false,false,false,false,false
21:12:38.876,2313.0,9.812191921590971,111.70125440991221,0.2721789202474527,6.902521593932013,5.879028034133634,2.1879385975857306,false,false,false,false,false
21:12:38.908,2345.0,10.016732097586846,111.83853244264054,0.3378169235225619,6.968477520770621,5.474453624156771,2.2122576448230693,false,false,false,false,false
21:12:38.977,2414.0,10.367529773963128,112.07396269488328,0.4660298232532751,5.740508008552796,3.3110497822451803,2.0177467300829757,false,false,false,false,false
21:12:39.010,2447.0,10.544549751378222,112.23486748126616,0.522478506069869,6.018382586091776,4.957035735526422,1.8275722403363175,false,false,false,false,false
21:12:39.055,2491.0,10.774508884102401,112.35954967717886,0.5859285759024745,5.615213271395802,2.7791048697121856,1.5753060692868648,false,false,false,false,false
21:12:39.090,2527.0,10.90457772885861,112.44624218301237,0.6314375915065502,4.574687950166431,2.960610215792056,1.504201193370404,false,false,false,false,false
21:12:39.163,2600.0,11.19480268640045,112.5019807525425,0.7110783688136827,4.159089273489913,1.0032518337790408,1.1583204340159745,false,false,false,false,false
21:12:39.237,2674.0,11.516638529057532,112.46107876240586,0.7789043055312955,4.266333241193999,-0.6024814132379505,1.0129340097693063,false,false,false,false,false
21:12:39.276,2713.0,11.71368866507104,112.43410478070015,0.8034091600873363,5.290491682842698,-0.8286643264808733,0.72072260661267,false,false,false,false,false
21:12:39.352,2789.0,12.271604146509368,112.50209701509944,0.8357905750363903,7.128170914729311,0.32560659024798433,0.5432102398595209,false,false,false,false,false
21:12:39.390,2827.0,12.636898269908565,112.61044689953724,0.8480430023144107,9.791438224056426,2.698314474224888,0.37194903994386125,false,false,false,false,false
21:12:39.436,2873.0,13.169119702167835,112.77124457431526,0.8572323227729259,11.602440155473177,3.2954759462810332,0.20056115531206709,false,false,false,false,false
21:12:39.483,2920.0,13.829114727052552,112.97639870214208,0.8664216432314412,14.049821914206058,4.7880030770184066,0.20727732245806613,false,false,false,false,false
21:12:39.559,2996.0,15.077710405749762,113.37735132652097,0.8795492438864629,16.008063483001454,5.0459086844943615,0.15912223904470912,false,false,false,false,false
21:12:39.638,3075.0,16.660017493765835,113.88315521671794,0.8961775380494906,27.020258424909443,8.749252133471447,0.27956916952404615,false,false,false,false,false
21:12:39.695,3132.0,17.732085731477007,114.25173952335898,0.9040540984425036,21.375916463082174,8.117565740893658,0.19691419761734028,false,false,false,false,false
21:12:39.824,3261.0,21.176084582346665,115.39043548140259,0.9132434189010189,29.148509637047496,9.577653669234126,0.05834471560088455,false,false,false,false,false
21:12:39.881,3317.0,22.74001289820021,115.90965413663316,0.9193696325400291,28.86104488818965,9.491870810615438,0.1604486054659748,false,false,false,false,false
21:12:39.924,3361.0,23.958276344703574,116.23630306386868,0.9176192857860261,26.229857066874654,7.942663389124483,0.03805101323586232,false,false,false,false,false
21:12:39.992,3429.0,25.914292158572486,116.7427127501347,0.9206823926055312,28.982216355062402,7.651111350129029,0.03500696846530198,false,false,false,false,false
21:12:40.065,3502.0,27.987208882049796,117.25572878319953,0.9228703260480349,29.766073885670597,7.373024300802793,0.03978055976118031,false,false,false,false,false
21:12:40.107,3544.0,29.198826284062527,117.53474097744837,0.9224327393595342,31.764087527673954,7.794665625683282,0.09724080626906323,false,false,false,false,false
21:12:40.147,3584.0,30.322330757588517,117.81144745231296,0.922870326048035,30.84973540745541,7.42883933576882,0.024310523569482247,false,false,false,false,false
21:12:40.220,3657.0,32.279775016229614,118.28709798088259,0.9250582594905387,26.685594677083305,5.796012818453566,0.023030813606444003,false,false,false,false,false
21:12:40.301,3738.0,34.256570816184954,118.77440710470117,0.9272461929330422,26.533267955630002,6.418614286317324,0.03646559215135808,false,false,false,false,false
21:12:40.340,3777.0,35.284422075164095,119.01431875240432,0.9268086062445414,32.46764678928362,7.920702278680083,0.0,false,false,false,false,false
21:12:40.376,3813.0,36.07830242493037,119.21179105485567,0.9289965396870452,24.171415963588384,5.911814815616579,0.05834541113027946,false,false,false,false,false
21:12:40.448,3885.0,37.60555930306306,119.6174251144581,0.9342475799490542,22.130694178499446,5.834425853732322,0.05049095880181445,false,false,false,false,false
21:12:40.489,3926.0,38.422949535234224,119.84301960946993,0.9342475799490539,21.702967403018356,5.537852549507055,-0.019890236769727423,false,false,false,false,false
21:12:40.544,3981.0,39.408514821539995,120.09382210674424,0.9342475799490537,17.690140516331024,4.333665819078961,-0.01250244615449259,false,false,false,false,false
21:12:40.614,4051.0,40.517335251509955,120.36088448606274,0.9311844731295487,16.533268001935706,3.1720602877863664,-0.10296181635694722,false,false,false,false,false
21:12:40.648,4085.0,41.000159911168694,120.48887233425867,0.9329348198835521,16.496265299501513,4.053496373745255,0.03125632830256468,false,false,false,false,false
21:12:40.685,4122.0,41.480770695572275,120.6005711369608,0.9333724065720524,11.076975757704725,2.6412997374858787,0.043758710581627475,false,false,false,false,false
21:12:40.733,4170.0,41.96148471904025,120.73120518421472,0.934247579949054,10.60684753785201,3.517208114296949,0.07001427078499037,false,false,false,false,false
21:12:40.850,4287.0,42.730773540965465,120.92129456033146,0.9320596465065503,7.34041741549906,1.8519031461745004,-0.023275862654880526,false,false,false,false,false
21:12:40.887,4323.0,42.840666356206754,120.94453439875458,0.9329348198835516,3.4703359803750864,0.751401139874868,0.0,false,false,false,false,false
21:12:40.924,4361.0,42.87878852319266,120.95743609843848,0.9324972331950512,1.3751921428259326,0.35930354780418555,-0.023030813606426472,false,false,false,false,false
21:12:41.012,4449.0,42.84888851121839,120.91972601010299,0.9342475799490542,0.12780055823400385,0.08343176399524202,0.020837315629098196,false,false,false,false,false
21:12:41.051,4488.0,42.842108438838515,120.89856917980303,0.934685166637555,-0.21023209606250462,-0.2844075426385541,0.0,false,false,false,false,false
21:12:41.123,4560.0,42.84121660830231,120.89549064666686,0.9351227533260555,-0.09158507770984291,-0.12401220563802194,0.0,false,false,false,false,false
21:12:41.162,4599.0,42.866343861171124,120.94046116711829,0.9373106867685593,0.38864830832305686,0.9019493386100154,0.019890236769707238,false,false,false,false,false
21:12:41.255,4692.0,43.05781651828316,121.16916034749809,0.9473751806040761,1.9428404023817862,2.3570500915434085,0.10146936862897422,false,false,false,false,false
21:12:41.337,4774.0,43.29253239975639,121.40419009515793,0.9591900211935955,2.910628752614277,3.0532170875423157,0.14833443231543691,false,false,false,false,false
21:12:41.382,4818.0,43.41766326267869,121.53313023635442,0.9657538215211063,3.065403053007451,3.191069164423814,0.1591236186076476,false,false,false,false,false
21:12:41.465,4902.0,43.63382822597269,121.76391118855652,0.9797565955531299,2.739063442364071,2.6499169565275538,0.16557360618959166,false,false,false,false,false
21:12:41.521,4958.0,43.78482360724807,121.89811663951937,0.9880707426346437,2.6507607523259127,2.537770304665594,0.2187931516435145,false,false,false,false,false
21:12:41.565,5002.0,43.89063639805482,121.95446571090602,0.9893835027001462,3.11964008918255,1.7443937757003323,0.12155261784741739,false,false,false,false,false
21:12:41.622,5058.0,44.01472234734415,122.04570924138476,0.9963848897161576,2.696213723015932,1.9752770517167115,0.16409549070987559,false,false,false,false,false
21:12:41.707,5144.0,44.15547979731704,122.19458849874344,1.0064493835516741,1.7861519065162104,1.8564891966546453,0.11807856875413905,false,false,false,false,false
21:12:41.766,5203.0,44.29714341566084,122.34701984304101,1.0169514640756916,2.3532700515728715,2.800739768071253,0.19305205192508648,false,false,false,false,false
21:12:41.856,5293.0,44.56640429494443,122.60513217098332,1.0353301049927222,2.9295014228597243,2.8013445016284404,0.20025148362584086,false,false,false,false,false
21:12:41.929,5366.0,44.77623606607684,122.85135769326425,1.0502080524017467,3.1972351385230073,3.6223659325791253,0.2303110260789032,false,false,false,false,false
21:12:41.974,5411.0,44.908804939311864,122.99032599018561,1.058959786171762,3.1262380955219857,3.405503738654734,0.21879315164352306,false,false,false,false,false
21:12:42.022,5459.0,45.05851568251997,123.14431384558007,1.0690242800072787,2.9054748199185574,3.1088994738893727,0.20055916292991746,false,false,false,false,false
21:12:42.086,5523.0,45.23164403751022,123.33761180556506,1.0830270540393019,2.570524709137651,2.9755931822194293,0.2137052122560063,false,false,false,false,false
21:12:42.161,5598.0,45.440864562866224,123.57745805874966,1.1000929348908302,2.7302078722209275,3.230798144275318,0.22660741541390983,false,false,false,false,false
21:12:42.197,5634.0,45.540676492201264,123.68191547017796,1.1070943219068416,2.984233042615692,3.16621521038486,0.21879181410537685,false,false,false,false,false
21:12:42.245,5682.0,45.66586670649352,123.82108223863645,1.1149708822998547,2.871549024830928,3.135174310634373,0.1750340076985346,false,false,false,false,false
21:12:42.316,5752.0,45.8545476497134,124.02012493330274,1.1285360696433777,2.9538910914101546,3.081570139019449,0.23166408680320144,false,false,false,false,false
21:12:42.412,5849.0,46.11300692558333,124.30706879510903,1.1464771238719074,2.810371330607184,3.0059205825848334,0.19386752958318282,false,false,false,false,false
21:12:42.447,5883.0,46.18749357067802,124.40541478187997,1.1526033375109173,2.122661895115924,2.72791413693482,0.1801831786246919,false,false,false,false,false
21:12:42.492,5928.0,46.29202759389778,124.52354743682024,1.1596047245269292,2.4196227965262684,2.7338347618982732,0.18424650885163382,false,false,false,false,false
21:12:42.569,6006.0,46.47614542961309,124.73531378684002,1.1740450852474533,2.486332159326235,2.742030425401939,0.18962107918706347,false,false,false,false,false
21:12:42.628,6065.0,46.59331900877584,124.89498529718992,1.185422339148472,2.03274719766946,2.890631217208777,0.21069027403200594,false,false,false,false,false
21:12:42.693,6129.0,46.73210634214123,125.06599842116768,1.196799593049491,2.2376630331278675,2.7870042845466174,0.20663808182212134,false,false,false,false,false
21:12:42.779,6215.0,46.91041897231055,125.30308832758914,1.209489607016012,2.2947735086014562,2.8856606709006853,0.18107156860009763,false,false,false,false,false
21:12:42.819,6256.0,46.99198492155506,125.40730622216348,1.215615820655022,1.8243513013909192,2.9023897240757517,0.12870227044620852,false,false,false,false,false
21:12:42.889,6325.0,47.107487357032255,125.5410076983999,1.2283058346215434,1.907105422575599,2.0714509205438087,0.26255017692646704,false,false,false,false,false
21:12:42.933,6370.0,47.19002000393842,125.66481231411629,1.2379327417685595,1.6745259837174225,1.6125181841534582,0.1346419394729353,false,false,false,false,false
21:12:43.019,6456.0,47.33976881578209,125.85193399788615,1.2532482758660852,1.6604624406644324,2.298923691750222,0.16938829653949744,false,false,false,false,false
21:12:43.062,6499.0,47.40941647903019,125.93036835970828,1.2602496628820967,1.707237610156166,1.672601972305328,0.15444272453545022,false,false,false,false,false
21:12:43.100,6537.0,47.46929219038558,125.99645662839652,1.2676886365866096,1.5049714509225787,1.7133510160844565,0.15220405294345893,false,false,false,false,false
21:12:43.179,6616.0,47.58563164375619,126.04857134630076,1.2816914106186326,1.543645760089593,1.0291502696485522,0.17503567696244485,false,false,false,false,false
21:12:43.216,6653.0,47.634054543803295,126.06872899075063,1.2882552109461431,1.3341304731652524,0.3872725098268694,0.16409467564042185,false,false,false,false,false
21:12:43.266,6703.0,47.693807730183174,126.09527520264028,1.2961317713391565,1.3911073231933693,0.47655683566559787,0.17776923194378108,false,false,false,false,false
21:12:43.304,6741.0,47.74142544032613,126.12251939102563,1.3018203982896657,1.303697222398089,0.7833195112648244,0.16121569524514892,false,false,false,false,false
21:12:43.397,6834.0,47.84665963307124,126.17805589322477,1.3171359323871912,1.117847593732748,0.6013786964458284,0.16409549070988022,false,false,false,false,false
21:12:43.437,6874.0,47.8943434233894,126.19990720847234,1.3236997327147024,1.4097442642792049,0.5797134834461426,0.17122955956139974,false,false,false,false,false
21:12:43.477,6913.0,47.933890130362656,126.22407745585798,1.3293883596652118,1.2346551787875837,0.6186742009251534,0.175034842326521,false,false,false,false,false
21:12:43.568,7005.0,48.021022038538995,126.26782885369177,1.3420783736317325,1.0423083289433832,0.4399738280137738,0.12033645409947555,false,false,false,false,false
21:12:43.607,7044.0,48.061892959232786,126.29541589524804,1.348204587270743,0.8668953529387361,0.8270660853976016,0.1458628654118892,false,false,false,false,false
21:12:43.647,7084.0,48.108458215551444,126.32192550612375,1.354330800909753,1.198105429289872,0.8076115726175487,0.15315548703569615,false,false,false,false,false
21:12:43.686,7122.0,48.16046804986659,126.35367426085678,1.3622073613027663,1.2620390110550712,0.8417521990091618,0.19890236769713293,false,false,false,false,false
21:12:43.758,7195.0,48.25709178561573,126.40725569566045,1.3762101353347898,1.3186149369610067,0.7451703836894832,0.20056115531206245,false,false,false,false,false
21:12:43.812,7248.0,48.32096850087643,126.44995187326091,1.3858370424818052,1.2609406184749916,0.9585426399542466,0.19890308621274852,false,false,false,false,false
21:12:43.854,7291.0,48.36386588621342,126.48479623130058,1.3928384294978173,1.3148801082452843,1.041726458846329,0.18424650885162214,false,false,false,false,false
21:12:43.955,7392.0,48.48684137173651,126.56683436346826,1.411217070414848,1.3987845166903876,0.826460650629655,0.20592363271394667,false,false,false,false,false
21:12:43.990,7427.0,48.53321136934378,126.59901983353454,1.4177808707423587,1.4311066766217269,1.1018311481785417,0.19144664101860295,false,false,false,false,false
21:12:44.032,7469.0,48.57780798140859,126.62873062721607,1.4239070843813688,1.028196121128843,0.9149956946058474,0.20592363271394667,false,false,false,false,false
21:12:44.084,7521.0,48.630521493970505,126.66963352019933,1.432658818151383,1.1644086807091345,0.7099977038588642,0.18350469357751686,false,false,false,false,false
21:12:44.134,7571.0,48.68070544041621,126.71128512812069,1.4405353785443962,1.1130442523023636,0.8569724761556587,0.172382674717723,false,false,false,false,false
21:12:44.167,7604.0,48.70079650855277,126.72078321564436,1.4431608986754008,1.1627937064391247,0.41615221031048677,0.13674556303370336,false,false,false,false,false
21:12:44.205,7642.0,48.69109747935426,126.70990442285235,1.4422857252983994,-0.3541491308170486,-0.27358950511184266,1.1686525305118186E-14,false,false,false,false,false
21:12:44.282,7719.0,48.65975503302118,126.67760709851221,1.4387850317903932,0.07233205531878274,-0.9187127203328345,-0.04375871058164968,false,false,false,false,false
21:12:44.335,7772.0,48.61357151359462,126.68677211610205,1.4392226184788943,-0.6811557909390199,0.0904462713353841,0.0,false,false,false,false,false
21:12:44.374,7811.0,48.483868324871956,126.70994720822368,1.4418481386098985,-3.466101083276118,0.45869776982153004,0.043758710581627475,false,false,false,false,false
21:12:44.444,7881.0,47.96092502967198,126.75834632969796,1.4505998723799134,-6.775103350207876,0.7522043200142837,0.12762919216476484,false,false,false,false,false
21:12:44.510,7947.0,47.12179258429056,126.81423412296398,1.465477819788938,-12.442379640464743,1.0317393893501257,0.243104591683579,false,false,false,false,false
21:12:44.543,7980.0,46.55867875653797,126.83344698813,1.4737919668704518,-19.57670157773354,0.7738816638702999,0.250050626420343,false,false,false,false,false
21:12:44.586,8022.0,45.75829085156126,126.83953406560796,1.486481980836973,-19.392473190827747,0.49303831062505615,0.30294436381411083,false,false,false,false,false
21:12:44.649,8086.0,44.27607115303221,126.76505575779169,1.5083613152620094,-22.938166940250117,-0.9008650011458427,0.360366357249423,false,false,false,false,false
21:12:44.681,8118.0,43.504744368143726,126.68226486862581,1.5149251155895203,-24.352066703614586,-2.0545019648470455,0.24614568130964626,false,false,false,false,false
21:12:44.716,8153.0,42.65288247720761,126.50285202690976,1.5223640892940327,-24.573929473981167,-4.480117694555161,0.1701714109708514,false,false,false,false,false
21:12:44.747,8184.0,41.850393002841116,126.28738955923892,1.5302406496870455,-24.74545301440474,-5.823377859774496,0.24310523569483478,false,false,false,false,false
21:12:44.818,8255.0,40.1876165882132,125.4027640855689,1.54468101040757,-24.05199816329502,-11.824631780178105,0.23868335856706976,false,false,false,false,false
21:12:44.851,8287.0,39.520190733900996,124.81200554654333,1.5481817039155754,-20.40390273677288,-17.32251125893145,0.13674556303364785,false,false,false,false,false
21:12:44.874,8311.0,39.045281857165484,124.29013349623276,1.5503696373580789,-23.14009728398461,-25.719618764708763,0.15912361860766272,false,false,false,false,false
21:12:44.974,8411.0,37.56084768107744,121.57666374591655,1.5547455042430864,-18.27358271750477,-23.03723945373451,0.0937689849076544,false,false,false,false,false
21:12:45.007,8444.0,37.24109101457805,120.45745035207682,1.552119984112082,-9.87556318212566,-34.15177631465779,-0.05148018618661509,false,false,false,false,false
21:12:45.060,8497.0,36.81400010616024,118.48742058942537,1.548619290604076,-9.297389929189817,-39.32868620563329,-0.10562421330601668,false,false,false,false,false
21:12:45.091,8528.0,36.58582599779599,117.12763063438969,1.5451185970960701,-8.88879484915601,-45.308573030580774,-0.2625543500862872,false,false,false,false,false
21:12:45.152,8589.0,36.3904510394415,114.41716268026673,1.5438058370305683,-3.812661096159356,-45.762152781510686,-0.06961620591537933,false,false,false,false,false
21:12:45.182,8619.0,36.36594697758227,113.00139350964746,1.544243423719069,-1.7309188317228363,-54.08519210681644,0.06251265660509764,false,false,false,false,false
21:12:45.215,8652.0,36.323098455469186,111.37861166377202,1.5424930769650658,-0.9158772242327883,-51.27646568528269,-0.10296181635697987,false,false,false,false,false
21:12:45.300,8737.0,36.3025050568691,107.03649328936724,1.5468689438500731,-0.08986806650490628,-54.52700942122547,0.011515479053131144,false,false,false,false,false
21:12:45.332,8769.0,36.287485792366795,105.3107880545561,1.5477441172270745,-0.6003606105984597,-60.98669054356152,0.0,false,false,false,false,false
21:12:45.363,8800.0,36.28791828781659,103.64493941419515,1.550369637358079,-0.07924379641394869,-54.124413994483966,0.16409467564042185,false,false,false,false,false
21:12:45.391,8828.0,36.270617974922466,102.13886742299792,1.5508072240465796,-1.0214959083439665,-53.88785245904156,0.03125632830252503,false,false,false,false,false
21:12:45.483,8920.0,36.168167270908626,97.38411520869028,1.5543079175545853,-1.0356405578581194,-53.98403823947534,0.017160222504092385,false,false,false,false,false
21:12:45.532,8969.0,36.11976470898432,94.59776171883401,1.5573710243740904,-0.9682511849707109,-57.90599817352019,0.06435113522311078,false,false,false,false,false
21:12:45.573,9010.0,36.099436846149665,92.43636726230548,1.5560582643085883,-1.263407875831464,-59.650277451091206,0.0,false,false,false,false,false
21:12:45.636,9073.0,36.09643693027008,88.87972460330725,1.5599965445050947,-0.7247790301924701,-63.314586735654224,0.08204733782019705,false,false,false,false,false
21:12:45.663,9100.0,36.061580931140284,87.40697908434653,1.559996544505095,-1.3657660081589629,-59.88185298670214,-0.10098145460469507,false,false,false,false,false
21:12:45.691,9128.0,36.04450386966809,85.82579929021585,1.5599965445050952,-1.0968011991668027,-58.728452773457626,0.0,false,false,false,false,false
21:12:45.731,9168.0,36.01245197251562,83.64952066108484,1.5591213711280936,-0.4196229542242485,-56.30752575153994,-0.016830242434124384,false,false,false,false,false
21:12:45.800,9237.0,35.957028042157006,79.79590041366087,1.5634972380131007,-0.9039531153355437,-71.32386765193259,0.07956137818900422,false,false,false,false,false
21:12:45.828,9265.0,35.931635217831335,78.26887714795767,1.5669979315211067,-1.0548835950946736,-59.47436486763692,0.09376898490763853,false,false,false,false,false
21:12:45.858,9295.0,35.91113096075582,76.57644624358672,1.5665603448326058,-0.816116461233871,-61.06107173537065,-0.08204733782021092,false,false,false,false,false
21:12:45.913,9350.0,35.89709422872831,73.52516446914036,1.5661227581441048,-0.25664404950776626,-60.58630956313504,-1.7080339188927823E-14,false,false,false,false,false
21:12:45.954,9391.0,35.92491827250272,71.21624028225943,1.5669979315211064,0.43497777106908336,-58.67975298712204,0.016206944156307516,false,false,false,false,false
21:12:46.001,9438.0,35.94078822645328,68.57367740738529,1.56918586496361,0.7750596329627119,-56.83036808267539,0.0846938225831621,false,false,false,false,false
21:12:46.030,9467.0,35.94678784089119,66.98036934615511,1.5700610383406115,0.41236973145129086,-59.91068394453816,0.03125632830257261,false,false,false,false,false
21:12:46.101,9537.0,35.924680116399365,63.12039571922598,1.5709362117176129,-0.5087566803857541,-57.1177565841041,0.0416748678294439,false,false,false,false,false
21:12:46.135,9572.0,35.92174894656062,61.06413683907565,1.5726865584716159,-0.26814236211487896,-69.51874752429632,-0.10939645042694326,false,false,false,false,false
21:12:46.188,9625.0,35.93534854605682,58.22628527646815,1.5735617318486173,-0.07715565127495021,-55.56978934281627,-6.72862594728404E-15,false,false,false,false,false
21:12:46.258,9695.0,35.938201258369375,54.70599602580145,1.5748744919141193,-0.06766388385339012,-55.91615648151973,-0.08751742116325495,false,false,false,false,false
21:12:46.298,9735.0,35.94088817807539,52.84212818588897,1.5757496652911211,-0.3082201942205245,-59.242117672957185,-0.07722136226771205,false,false,false,false,false
21:12:46.342,9778.0,35.94533364181677,51.11650801596554,1.5801255321761285,0.7077994397968309,-48.412924941831676,0.18424650885161045,false,false,false,false,false
21:12:46.382,9819.0,35.93285295712781,49.724391298996906,1.5858141591266377,-0.22885109179727856,-44.796813290964025,0.21879355290814848,false,false,false,false,false
21:12:46.468,9904.0,35.86783967324036,47.826052316949486,1.6020048666011646,-0.8560805882336219,-25.811162534408307,0.19762043923732833,false,false,false,false,false
21:12:46.535,9972.0,35.80398522023925,47.05987206850747,1.6116317737481805,-1.107442291586253,-12.94564633877856,0.21345749717099743,false,false,false,false,false
21:12:46.574,10011.0,35.81691974674407,46.73846874294604,1.6138197071906841,0.29225537948845526,-9.172573652416311,0.09212325442582275,false,false,false,false,false
21:12:46.645,10082.0,35.81508457953946,46.037221416529,1.6221338542721981,0.3710547067944603,-9.01105760955264,0.0810347207815458,false,false,false,false,false
21:12:46.687,10123.0,35.7921637358444,45.50913713863814,1.6304480013537117,-0.1796814570791396,-12.049944328949442,0.18424650885159877,false,false,false,false,false
21:12:46.734,10171.0,35.70893637406392,44.717589387777736,1.6466387088282388,-1.6309815162698855,-17.02452066128016,0.3470509865769174,false,false,false,false,false
21:12:46.774,10211.0,35.608855143373354,43.91333075878335,1.6650173497452696,-1.6230787760085512,-17.801477824959836,0.3381340250851391,false,false,false,false,false
21:12:46.849,10286.0,35.28643327904567,42.22086787409093,1.7048377383988356,-4.253394186556473,-22.210313429088814,0.534829157158185,false,false,false,false,false
21:12:46.884,10321.0,35.08790709788548,41.35823834190362,1.7271546595123723,-6.009216272578169,-27.94250588850489,0.6563754423161675,false,false,false,false,false
21:12:46.915,10352.0,34.86725981518561,40.56697214253737,1.7499091673144103,-8.556768121942861,-29.309622856485262,0.7931242655953352,false,false,false,false,false
21:12:47.001,10437.0,34.1695040427572,38.39431304087974,1.8418023718995626,-7.486845460025351,-27.629154964912242,1.0793729495865612,false,false,false,false,false
21:12:47.060,10497.0,33.645501616413455,36.899758856393,1.9201303891411936,-8.90831114066168,-26.778949294663924,1.3357871891742197,false,false,false,false,false
21:12:47.104,10541.0,33.226256041197914,35.94624797882358,1.9783294187117908,-10.810814298237277,-26.334645764524197,1.4768740878578914,false,false,false,false,false
21:12:47.141,10578.0,32.801230887383106,35.22592367320198,2.029527061266376,-12.178274248615581,-21.811334795084864,1.5315629848774925,false,false,false,false,false
21:12:47.208,10645.0,31.882910001442102,34.23687126606323,2.1249209593595344,-13.644641375689954,-15.749442733929834,1.4130374846812823,false,false,false,false,false
21:12:47.261,10697.0,31.111758283903402,33.71003806210518,2.20062345647016,-15.09277533331663,-11.578308746194878,1.3856925017516402,false,false,false,false,false
21:12:47.300,10737.0,30.49958366901976,33.466803076550185,2.2680118064992723,-17.028457240083416,-7.712230017277253,1.8885504138469547,false,false,false,false,false
21:12:47.376,10813.0,29.26525199075719,33.32353070975473,2.400162986426491,-16.475523896001302,-4.421714328526004,1.7313390493345793,false,false,false,false,false
21:12:47.414,10850.0,28.663663618073407,33.32575023181174,2.4614251228165926,-18.0892481067839,-0.6393699844409351,1.8275722403363175,false,false,false,false,false
21:12:47.457,10894.0,28.00805464760536,33.4242783937974,2.5296886462227066,-16.25649524292223,2.2826884440392603,1.7304505989651302,false,false,false,false,false
21:12:47.504,10941.0,27.346759665012033,33.58022297659229,2.600140103071324,-14.662113345122242,3.180334219901226,1.575313580938737,false,false,false,false,false
21:12:47.595,11032.0,26.235358772541602,34.03824498523958,2.722664375851528,-12.953997707101239,4.868147719323738,1.424150212967579,false,false,false,false,false
21:12:47.638,11075.0,25.804048600966663,34.30689667737689,2.773862018406114,-10.661996338564299,6.185417893296044,1.245437940124675,false,false,false,false,false
21:12:47.674,11111.0,25.510600375505767,34.52665487852489,2.8119320603056766,-9.455496629029962,6.292264308105251,1.1213136168760818,false,false,false,false,false
21:12:47.742,11179.0,25.188766428883184,34.94649891791223,2.8797579970232894,-7.6350099295579055,7.0917343769021475,1.1425794736614467,false,false,false,false,false
21:12:47.792,11229.0,25.205887707949895,35.22935924687573,2.9226414924963606,-0.5784980763942008,5.9356603717255245,0.8353929620935693,false,false,false,false,false
21:12:47.830,11267.0,25.35570841633519,35.38309966762169,2.951522213937409,3.7441781526533333,4.523870392350532,0.8751672564215074,false,false,false,false,false
21:12:47.873,11310.0,25.69998608672403,35.5092000082624,2.984341215574963,7.572626825849427,3.919628791669156,0.8950703546680701,false,false,false,false,false
21:12:47.937,11374.0,26.44919657912102,35.59835046430087,3.020223324032022,11.596614076814951,1.4703623467946947,0.6028993873752764,false,false,false,false,false
21:12:47.976,11412.0,27.042808266028274,35.6267520887559,3.037289204883552,16.266842680217074,0.942550402227915,0.4862040313453038,false,false,false,false,false
21:12:48.033,11470.0,28.024689878054918,35.68909420574726,3.0596061259970884,17.379414788768848,0.8936926462688545,0.39656508743179103,false,false,false,false,false
21:12:48.095,11532.0,29.24809228678263,35.599343408118756,3.080610287045123,18.7733869684023,0.3547261245880519,0.4063253482233911,false,false,false,false,false
21:12:48.155,11592.0,30.61911103675452,35.246295059246755,3.1007392747161564,22.745440008861497,-5.652422447016699,0.34642209301863747,false,false,false,false,false
21:12:48.186,11623.0,31.370208508795226,34.98431155645754,3.110803768551673,24.336145739608934,-8.202240691114513,0.32089466068789757,false,false,false,false,false
21:12:48.214,11651.0,32.1147499859038,34.73023591173062,3.118680328944686,28.616942728155898,-9.828520313164933,0.30294436381405104,false,false,false,false,false
21:12:48.287,11724.0,34.13862513723777,33.94456943227596,3.139684489992721,27.692501556573255,-10.342235561263353,0.31150230786241995,false,false,false,false,false
21:12:48.336,11773.0,35.63039915685879,33.343726086209934,3.15106174389374,30.972037243580324,-12.2618367952476,0.2565180555167833,false,false,false,false,false
21:12:48.361,11797.0,36.379230634325445,33.01508271834563,3.1536872640247444,34.58103307215359,-15.321913966404493,0.07956008487260532,false,false,false,false,false
21:12:48.412,11849.0,37.98060624896781,32.23089976339668,3.162876584483259,38.14495312627833,-17.989290372793228,0.20196290920935597,false,false,false,false,false
21:12:48.443,11880.0,38.84878015030396,31.716312687219204,3.165939691302765,29.568156883094144,-16.823689213937165,0.0625126566051135,false,false,false,false,false
21:12:48.491,11927.0,40.18597466394163,30.82694255867856,3.1716283182532736,30.336731260868852,-19.138549531980228,0.1458623686054249,false,false,false,false,false
21:12:48.527,11963.0,40.972800744513464,30.12796834067017,3.16944038481077,24.755682678216754,-23.132511434089537,-0.20592363271395975,false,false,false,false,false
21:12:48.602,12039.0,42.51374556413782,28.58711389013527,3.168565211433769,20.92671933393268,-21.02990573382576,0.01591229288230989,false,false,false,false,false
21:12:48.660,12097.0,43.57368928406207,27.476285932470976,3.1585007175982516,20.631004666099724,-19.45983965042922,-0.10001956923594071,false,false,false,false,false
21:12:48.701,12137.0,44.16462042549519,26.81887856644167,3.156312784155748,14.840135981236703,-15.249733865151121,-0.06563806587241901,false,false,false,false,false
21:12:48.786,12223.0,45.0632770242337,25.555637078174332,3.155875197467248,11.71100418839731,-16.213956737219753,-0.03454622040967477,false,false,false,false,false
21:12:48.839,12276.0,45.38721150656487,24.97810930857475,3.1563127841557486,7.089248341743362,-11.560424559620607,-1.345725189456808E-14,false,false,false,false,false
21:12:48.882,12319.0,45.48719955159158,24.7315212402822,3.1580631309097513,3.100465337790899,-6.381281876361083,0.062511946887247,false,false,false,false,false
21:12:48.924,12361.0,45.45595865028434,24.61944368590428,3.156750370844249,-0.4058846442349278,-4.179513893915865,-0.023030813606449846,false,false,false,false,false
21:12:48.998,12435.0,45.31403554104153,24.66311744244976,3.1510617438937394,-1.9957344905461551,0.6104162226497515,-0.08595453688113219,false,false,false,false,false
21:12:49.059,12496.0,45.20561176232235,24.683935641371455,3.150186570516737,-1.9250060332550143,0.4519548903010279,-0.012155181283653109,false,false,false,false,false
21:12:49.095,12532.0,45.14550808959267,24.681207920098476,3.149311397139736,-1.9445724141236123,-0.08209507303095104,-0.0257404540892417,false,false,false,false,false
21:12:49.179,12616.0,45.04320681964683,24.692443507572754,3.149311397139736,-1.5059629482794434,0.3641636290470953,-2.775551936746125E-14,false,false,false,false,false
21:12:49.217,12654.0,45.010117695692614,24.69487146864885,3.1479986370742328,-1.109523748133021,0.24939173419243602,-0.023031102607911354,false,false,false,false,false
21:12:49.254,12691.0,44.98303087055988,24.699599019993418,3.147561050385733,-0.9037742889459941,0.29483886769965256,2.2204481668347007E-14,false,false,false,false,false
21:12:49.306,12743.0,44.91694434814453,24.69096905656212,3.1466858770087303,-0.8841688499062994,-0.005277133191275369,-1.306147812315721E-14,false,false,false,false,false
21:12:49.370,12807.0,44.62239980060603,24.677443824232544,3.1466858770087307,-4.050478173883945,-0.2820440202636012,9.654112457011875E-15,false,false,false,false,false
21:12:49.402,12839.0,44.41193136564274,24.684045666426385,3.144935530254729,-7.302137096423138,0.23349157671598916,-0.06251265660505007,false,false,false,false,false
21:12:49.436,12873.0,44.11729177055083,24.696845604905835,3.143185183500725,-9.207177051701796,0.13660142654579147,-0.0820485604366274,false,false,false,false,false
21:12:49.499,12936.0,43.52502502428512,24.730414454127118,3.14012207668122,-10.272023180954166,0.3920615007564068,-0.03646602686072328,false,false,false,false,false
21:12:49.551,12988.0,42.99003863157758,24.774724603265657,3.135746209796213,-10.398823099229523,0.7499668185873326,-0.09461348925120552,false,false,false,false,false
21:12:49.587,13024.0,42.60848428700758,24.813168712035132,3.1309327562227045,-12.016542481379304,1.4705622804438276,-0.12502531321020585,false,false,false,false,false
21:12:49.619,13055.0,42.28424809347111,24.853875189690278,3.1265568893376976,-10.879841899297265,1.7170904120286716,-0.10939645042692939,false,false,false,false,false
21:12:49.696,13133.0,41.42844578502006,24.920627517571923,3.1138668753711767,-11.247441533227356,0.9588000685128562,-0.17058459716275237,false,false,false,false,false
21:12:49.728,13165.0,41.06301040251177,24.972449539859877,3.1112413552401725,-11.420895525326959,1.6119391634731908,-0.0820473378202248,false,false,false,false,false
21:12:49.774,13211.0,40.527087941864245,25.04942115947067,3.1064279016666636,-11.78931668624953,1.5515435433548523,-0.14115745659812187,false,false,false,false,false
21:12:49.831,13267.0,39.86284680685868,25.146979147290295,3.102052034781656,-12.185659558127561,1.7503919433761763,-0.15628164151270446,false,false,false,false,false
21:12:49.861,13298.0,39.5283331354428,25.207926182446133,3.099426514650652,-10.559178523371852,1.799850361995058,-0.08751811669541919,false,false,false,false,false
21:12:49.889,13326.0,39.19127799788744,25.27697580458625,3.097238581208148,-11.738763506499854,2.2786976459249826,-0.0875167256421458,false,false,false,false,false
21:12:49.920,13357.0,38.85188131527005,25.357868615016887,3.0946130610771445,-11.919668415038059,2.639711770473145,-0.11669082226058854,false,false,false,false,false
21:12:49.997,13434.0,37.93636972112777,25.59436174808698,3.084986153930128,-12.147856386129643,3.001536407858987,-0.10939677645408348,false,false,false,false,false
21:12:50.045,13482.0,37.33930742000124,25.786082910377598,3.077984766914117,-12.609447815390924,3.3081082177345755,-0.16409467564036634,false,false,false,false,false
21:12:50.084,13520.0,36.86881503785361,25.96178096480339,3.070983379898105,-12.443953144339055,4.314053512822998,-0.19448418855588262,false,false,false,false,false
21:12:50.141,13578.0,36.14220638792626,26.249294390177425,3.06135647275109,-13.408857851766294,5.206712277918008,-0.18753796981524534,false,false,false,false,false
21:12:50.186,13623.0,35.58299304737999,26.49219126687138,3.053479912358077,-12.931858694073807,5.45646250756882,-0.160448605465997,false,false,false,false,false
21:12:50.237,13674.0,34.91625449376063,26.79764473900697,3.045603351965063,-13.408207629283332,5.971749203575248,-0.1415724974908555,false,false,false,false,false
21:12:50.268,13705.0,34.48857997323183,27.026553041829608,3.040789898391555,-13.461106971919445,7.225338804407462,-0.19144378824712643,false,false,false,false,false
21:12:50.328,13765.0,33.67638036766531,27.501327249093354,3.028099884425034,-14.010044391853489,8.137707142440865,-0.21879379001974772,false,false,false,false,false
21:12:50.355,13792.0,33.27446785443311,27.741757298993896,3.021098497409023,-17.481531717396546,10.323811725171305,-0.29172241880715266,false,false,false,false,false
21:12:50.386,13823.0,32.85093902916334,28.017075189644594,3.0136595237045105,-13.830697316596384,9.152602836005565,-0.23337793504581095,false,false,false,false,false
21:12:50.468,13905.0,31.700679782134333,28.797312987642556,2.9874043223944664,-14.223199856085365,9.681668497495094,-0.36214313720019525,false,false,false,false,false
21:12:50.496,13933.0,31.259604696810737,29.126550139716795,2.979527762001454,-17.859877156530448,12.322863349783404,-0.3438196113279815,false,false,false,false,false
21:12:50.530,13967.0,30.78508355465171,29.480322292861228,2.970338441542939,-14.489956192381486,10.352435479635355,-0.3008402386741113,false,false,false,false,false
21:12:50.569,14006.0,30.159217805087273,29.966964455430563,2.960273947707421,-16.614749553539543,13.165956489976828,-0.28611412138002057,false,false,false,false,false
21:12:50.634,14071.0,29.157386201114225,30.79394965708183,2.9453960002983965,-15.245007560980156,12.447696598131548,-0.22325840156544532,false,false,false,false,false
21:12:50.698,14135.0,28.125052801640155,31.721089031802663,2.926142186004365,-14.976766889121377,13.435429062236658,-0.26520411495033586,false,false,false,false,false
21:12:50.732,14169.0,27.607329509669647,32.23252424156836,2.915202518791846,-14.65305253880052,14.289310843412073,-0.3403428219417028,false,false,false,false,false
21:12:50.800,14237.0,26.5389989621016,33.37911458559377,2.899011811317319,-15.13234870545204,15.45026602884348,-0.2831449949816848,false,false,false,false,false
21:12:50.824,14261.0,26.169676919113215,33.82534946765213,2.892448010989809,-15.768339609581764,19.27290886838044,-0.23031102607885642,false,false,false,false,false
21:12:50.836,14272.0,26.003543729920324,34.03741365813142,2.8885097307933023,-13.232669448681774,17.07811215414627,-0.2917224188073007,false,false,false,false,false
21:12:50.861,14298.0,25.64429693718123,34.48197042590428,2.870568676564772,-14.416341737868041,18.095553531604182,-0.6782519286145491,false,false,false,false,false
21:12:50.903,14340.0,25.207090976606644,35.22333646362478,2.8324986346652095,-10.422095475453137,17.423056689986883,-0.8870014617298987,false,false,false,false,false
21:12:50.913,14350.0,25.131009468904118,35.3892045050039,2.8215589674526913,-11.39342861089436,26.087255571614634,-1.6409712087311046,false,false,false,false,false
21:12:50.923,14360.0,25.036413673194183,35.551748994072106,2.80886895348617,-10.283285180194957,18.66373891146544,-1.4003121246868029,false,false,false,false,false
21:12:50.964,14401.0,24.727426954946818,36.21315807001834,2.753733030735079,-8.66092685962103,17.27712100891049,-1.3127926168937112,false,false,false,false,false
21:12:50.991,14428.0,24.578862064361346,36.63224685819239,2.7156629888355157,-5.810851477908484,16.81421277794121,-1.5002867252940761,false,false,false,false,false
21:12:51.003,14440.0,24.523113527408334,36.80617229052108,2.6977219346069856,-5.97449491626402,17.391819280816,-1.837909663651462,false,false,false,false,false
21:12:51.014,14450.0,24.480153637666852,36.96667780866479,2.6810936404439576,-7.38194362864759,24.728547425595014,-2.516155853387575,false,false,false,false,false
21:12:51.057,14494.0,24.338952979443754,37.62783098780423,2.6045159699563305,-3.600020228261978,16.14532663683979,-1.8449630403981836,false,false,false,false,false
21:12:51.068,14505.0,24.31811738794327,37.785532353413586,2.5848245689737976,-3.03405254025521,22.815179665308428,-2.9537481757158104,false,false,false,false,false
21:12:51.094,14531.0,24.2687937168509,38.172604422684735,2.5301262329112064,-2.0867282901850546,15.926433253137397,-2.2122576448230817,false,false,false,false,false
21:12:51.135,14572.0,24.254607581200137,38.726573589086534,2.4439216552765632,-0.3632262271856206,17.810574829777355,-2.625553933969523,false,false,false,false,false
21:12:51.147,14583.0,24.25799843526959,38.86076549883835,2.4211671474745255,0.6516140378846789,13.879362649307573,-2.2753987004605642,false,false,false,false,false
21:12:51.157,14594.0,24.282025467706468,39.005452590649085,2.396662292918485,2.7025686457647486,20.167393340346866,-3.391340498044046,false,false,false,false,false
21:12:51.170,14606.0,24.301350221117165,39.140741763228256,2.372157438362444,1.8203565669555986,14.390228976153267,-2.4504293697267476,false,false,false,false,false
21:12:51.254,14691.0,24.61409549892046,40.13369039888076,2.1673668681441036,2.925157269039296,12.310143090910849,-2.384849726698897,false,false,false,false,false
21:12:51.265,14701.0,24.659172609919395,40.2217661939688,2.1446123603420655,4.3237874095037885,10.204272765324072,-2.844350095133752,false,false,false,false,false
21:12:51.275,14712.0,24.726678921987695,40.32530406631365,2.1179195723435216,8.979511109589039,14.7529986738544,-3.938330900954451,false,false,false,false,false
21:12:51.316,14752.0,24.98696258846847,40.664790512601414,2.0185873940538563,6.827166901993471,9.79103688399376,-2.800624249373517,false,false,false,false,false
21:12:51.354,14791.0,25.29209954214553,40.95553533498576,1.9131290021251806,7.821979272645546,7.698566573214208,-2.79790341272615,false,false,false,false,false
21:12:51.392,14829.0,25.633241010677676,41.18196338347392,1.8133592371470149,9.529433580688588,7.828477191931285,-2.79571021049068,false,false,false,false,false
21:12:51.430,14867.0,25.980021297042356,41.32373683403312,1.7149022322343508,9.81412764157514,4.058289001530845,-2.7176360055613507,false,false,false,false,false
21:12:51.509,14946.0,26.57848160577842,41.48320362067641,1.5420554902765637,8.043049973803566,2.428077097442323,-2.311779896441264,false,false,false,false,false
21:12:51.546,14982.0,26.827395706049554,41.474860961809064,1.4794805938209594,7.56324911488262,0.8351789348596065,-2.122297463209121,false,false,false,false,false
21:12:51.579,15016.0,27.011561076020282,41.29329691032327,1.4313460580858794,7.124569165131582,-4.783374782908393,-1.5200336980258182,false,false,false,false,false
21:12:51.660,15097.0,27.369730882808437,40.31966290119044,1.3626449479912655,5.405573059969709,-9.376135707916934,-1.044557145192249,false,false,false,false,false
21:12:51.691,15128.0,27.435839151126956,39.81648152351478,1.3447038937627351,3.0491909700331776,-16.825965925028203,-0.612617079495065,false,false,false,false,false
21:12:51.721,15158.0,27.46558802316482,39.26605752149184,1.3298259463537108,0.9693473239228938,-18.114268753371423,-0.5542725957336196,false,false,false,false,false
21:12:51.748,15185.0,27.491784783859405,38.75460238758377,1.319761452518194,0.8564370346513479,-20.92758337577987,-0.437586303287029,false,false,false,false,false
21:12:51.823,15260.0,27.56101260640998,37.19896003878614,1.2991948781586593,0.9790084676008506,-20.630710864312523,-0.2917247372108757,false,false,false,false,false
21:12:51.878,15315.0,27.565341866717237,36.04251415235264,1.2913183177656462,0.41866932097035225,-22.155887269500045,-0.16409467564040797,false,false,false,false,false
21:12:51.910,15347.0,27.58738093106426,35.32581478452143,1.285629690815137,0.21265085489408245,-23.126823055735557,-0.21879290085385877,false,false,false,false,false
21:12:51.971,15408.0,27.676583018632197,33.90674681843706,1.2725020901601152,0.5168591334548314,-25.99654676638827,-0.32818935128081594,false,false,false,false,false
21:12:51.999,15436.0,27.713676360183893,33.269097776516986,1.2659382898326037,1.6663488792310144,-25.044045318345866,-0.2625501769264966,false,false,false,false,false
21:12:52.040,15477.0,27.813027238058698,32.3578859428114,1.2576241427510901,2.1128053074542748,-23.175924204629453,-0.18753796981522947,false,false,false,false,false
21:12:52.088,15525.0,28.046893195167875,31.282942009369116,1.255873795997087,4.898440903821446,-23.603633744608675,-0.1129250967775447,false,false,false,false,false
21:12:52.154,15590.0,28.40747297287091,30.05860758772533,1.2514979291120798,5.462722741676623,-20.13123386083719,-0.028538259926887084,false,false,false,false,false
21:12:52.182,15619.0,28.583622553299723,29.610071723485486,1.2405582618995614,6.011345467452434,-17.0271028504938,-0.3828875764942945,false,false,false,false,false
21:12:52.214,15651.0,28.802796255849298,29.20987833190736,1.2291810079985424,7.932679722058696,-14.977072256782197,-0.3750759396305224,false,false,false,false,false
21:12:52.282,15719.0,29.32139542045099,28.62854832363135,1.2007378732459952,7.683551812697971,-11.594614877685197,-0.4862040313452668,false,false,false,false,false
21:12:52.347,15784.0,29.83372431563497,28.41493063008049,1.182359232328965,8.275439029263445,-4.033572034559471,-0.31655253499920066,false,false,false,false,false
21:12:52.378,15815.0,30.048642257391766,28.433798780202643,1.1749202586244518,6.668766948509971,-0.13046646555483324,-0.23338164452114746,false,false,false,false,false
21:12:52.406,15843.0,30.222744322267708,28.507498639020046,1.1701068050509447,6.777254106947569,2.9320376504115466,-0.16830242434114137,false,false,false,false,false
21:12:52.478,15915.0,30.62182432763485,28.73914811711499,1.1556664443304197,5.853571817779574,3.3018587237754873,-0.2096775714626427,false,false,false,false,false
21:12:52.531,15968.0,30.88292911938666,28.909531716572673,1.1491026440029093,5.2059513760127105,3.4115379212586348,-0.16121771825521586,false,false,false,false,false
21:12:52.588,16025.0,31.107498949614794,29.06555065061961,1.142976430363899,4.2154230521365275,3.224659499829838,-0.1266702695844718,false,false,false,false,false
21:12:52.650,16087.0,31.122356268812773,29.0884955599832,1.1469147105604054,1.7309149689256864,1.4822257205762435,0.08204733782016929,false,false,false,false,false
21:12:52.693,16129.0,31.100447925601106,29.065396716007363,1.1451643638064022,-0.887202569026234,-0.46003712680384695,-0.03805101323589128,false,false,false,false,false
21:12:52.729,16166.0,31.095711849720146,29.057641639657806,1.1447267771179017,-0.27859335528396184,-0.45618203656583284,-0.02574045408922864,false,false,false,false,false
21:12:52.767,16204.0,31.09249149502317,29.062404642229023,1.1451643638064022,-0.30416368588850395,0.13805150336810562,0.0,false,false,false,false,false
21:12:52.865,16302.0,31.086473592663324,29.131144813475615,1.1460395371834038,-0.19559762398250313,0.6472555820966434,0.006732096973642921,false,false,false,false,false
21:12:52.906,16343.0,31.074610266957432,29.21898127206937,1.1464771238719043,-0.0815603097876828,1.68658805424235,0.019890236769702193,false,false,false,false,false
21:12:52.947,16384.0,31.05898824710219,29.400849733571544,1.1469147105604054,-0.3200157566849014,4.268021327112952,0.021879355290835942,false,false,false,false,false
21:12:53.015,16452.0,30.996721137182657,29.933347971551125,1.147352297248906,-0.6316128625437389,6.881232597527251,0.05148090817847034,false,false,false,false,false
21:12:53.053,16490.0,30.972779431669057,30.35637063832643,1.1460395371834036,-0.46373325844079405,12.041079245312003,-0.02574045408922864,false,false,false,false,false
21:12:53.104,16541.0,30.959873591721895,31.048701021077022,1.1425388436753983,-0.30692697375405287,13.336430958585504,-0.05469822521344388,false,false,false,false,false
21:12:53.136,16572.0,30.954155333735123,31.537257577020775,1.1386005634788918,-0.35691820840211097,16.880679417744545,-0.1029618163569668,false,false,false,false,false
21:12:53.201,16638.0,30.989363040311556,32.7829521549287,1.1346622832823854,0.6065590533059388,18.204573778074387,-0.07293096695129551,false,false,false,false,false
21:12:53.234,16670.0,31.002228638592815,33.4469929094054,1.1329119365283822,0.15235367807207584,21.37677690403162,-0.029172241880700465,false,false,false,false,false
21:12:53.270,16707.0,31.02217949769606,34.30750039765063,1.1311615897743794,0.34053872247099787,25.223939991193422,-0.05148018618662815,false,false,false,false,false
21:12:53.344,16781.0,31.04848338783056,36.215087470136204,1.1311615897743794,0.7464663891933279,26.340478125155162,0.015089173329422204,false,false,false,false,false
21:12:53.396,16833.0,31.04081160518725,37.587319523588754,1.132911936528382,-0.4988131128849916,27.113678175952458,0.01326020574750939,false,false,false,false,false
21:12:53.425,16862.0,31.043134811584125,38.462263343867534,1.1346622832823852,0.09399799563384546,34.4780968122392,0.11669082226058854,false,false,false,false,false
21:12:53.458,16895.0,31.064569463723377,39.39744420145899,1.1359750433478868,0.6494678562530237,30.584385619941497,0.02734952014550083,false,false,false,false,false
21:12:53.522,16959.0,31.08559011530138,41.379104378933256,1.1372878034133895,0.49201654831821073,32.16486259408656,0.05967103364176452,false,false,false,false,false
21:12:53.568,17004.0,31.10924629940633,42.83243742471564,1.1372878034133895,0.04470564525165731,32.76305593565286,-0.015089173329445173,false,false,false,false,false
21:12:53.600,17037.0,31.1405971405969,43.90469414924996,1.1390381501673923,0.5534657256299634,34.29015848939117,-0.06251265660509764,false,false,false,false,false
21:12:53.666,17103.0,31.16705541668656,46.100254806782324,1.1394757368558934,-0.2649192007524989,38.42333332314651,0.0,false,false,false,false,false
21:12:53.696,17133.0,31.171000164455236,47.124637874502014,1.1377253901018898,-0.09764646780500538,32.91766220123949,-0.08751811669546361,false,false,false,false,false
21:12:53.731,17167.0,31.197441837423227,48.27170916740369,1.1350998699708859,0.5024435004380001,33.071686947156806,-0.024310523569457572,false,false,false,false,false
21:12:53.774,17211.0,31.217391276766026,49.79819098935313,1.132036763151381,0.512171367063974,36.924051418354594,-0.07544648691670097,false,false,false,false,false
21:12:53.837,17273.0,31.282089338930653,51.961276646346604,1.123285029381366,1.0333309808490154,35.527082249172544,-0.15558693867749274,false,false,false,false,false
21:12:53.885,17322.0,31.36686446523712,53.65874768417443,1.1167212290538555,1.0825715820269233,38.32836521195835,-0.10939677645406869,false,false,false,false,false
21:12:53.917,17354.0,31.427287720293865,54.86109330539869,1.1097198420378434,2.307053381949329,40.59006406609912,-0.20592074474648647,false,false,false,false,false
21:12:53.977,17414.0,31.523829965128364,56.99071615708784,1.1005305215793286,0.7931708427143539,35.811092138545185,0.09376898490767024,false,false,false,false,false
21:12:54.030,17466.0,31.613100848013676,58.896259836070314,1.0935291345633167,1.525881972773906,37.34149587404629,-0.172382674717723,false,false,false,false,false
21:12:54.060,17497.0,31.66654909812276,60.02333341084074,1.0878405076128075,2.7683630350878214,38.939799610884705,-0.1562816415127203,false,false,false,false,false
21:12:54.094,17531.0,31.700645570003747,61.252380981936994,1.0777760137772912,1.165037446610714,35.78544447597872,-0.2187947121253649,false,false,false,false,false
21:12:54.170,17607.0,31.729559552131775,63.89759001565329,1.0484577056477422,0.6648584059709732,35.44214457226002,-0.3861068113386647,false,false,false,false,false
21:12:54.201,17638.0,31.723183790246406,65.03822102172433,1.0313918247962137,0.09222725432817826,37.45283720510068,-0.5196331395279701,false,false,false,false,false
21:12:54.252,17688.0,31.6270856542606,66.76645405996001,1.0038238634206675,-1.7540917283888833,35.87463357280037,-0.5304082299006918,false,false,false,false,false
21:12:54.306,17742.0,31.420267978797813,68.6618119251177,0.9885083293231423,-4.431658159466094,49.8000816550695,-0.5967135697786999,false,false,false,false,false
21:12:54.333,17770.0,31.270266092271946,69.62533523925713,0.9858828091921378,-5.540071432894711,33.34259610409659,-0.1640946756404149,false,false,false,false,false
21:12:54.363,17800.0,31.100413134804967,70.6077859256565,0.9836948757496341,-6.5847655366438795,36.81123768874832,-0.18753796981526913,false,false,false,false,false
21:12:54.421,17858.0,30.706147032678892,72.4901161242573,0.9758183153566211,-6.9619987611366625,34.352401871738074,-0.1234217778501914,false,false,false,false,false
21:12:54.497,17934.0,30.134296023959774,74.9542128703893,0.9640034747671012,-7.390909107964423,32.91135408450343,-0.16499140816126193,false,false,false,false,false
21:12:54.534,17970.0,29.879540143984457,76.1274835722559,0.9587524345050925,-7.342047026727535,32.085376697663506,-0.10939645042693633,false,false,false,false,false
21:12:54.574,18011.0,29.561950145103943,77.36962268516346,0.9513134608005802,-8.244569633913233,31.31444095286624,-0.1531554870357017,false,false,false,false,false
21:12:54.637,18074.0,29.273613137934436,78.9035866990827,0.9346851666375525,-5.795948715801346,28.995197031099252,-0.437590583477133,false,false,false,false,false
21:12:54.675,18111.0,29.20590736550883,79.55650864268853,0.9281213663100415,-3.9810058353965414,21.314304303828763,-0.32818772115808376,false,false,false,false,false
21:12:54.735,18171.0,29.40934702367,80.2642812146146,0.9268086062445394,2.3225140188580364,13.384433682033286,-0.05913343078199145,false,false,false,false,false
21:12:54.777,18213.0,29.728149724738376,80.55873573024029,0.9268086062445394,7.851860074533668,8.35028538570995,-5.843262652559093E-15,false,false,false,false,false
21:12:54.848,18285.0,30.45967296385751,80.81023543630877,0.9272461929330402,10.284539198720122,4.093289952645997,2.265771152723527E-15,false,false,false,false,false
21:12:54.898,18335.0,31.100790480249724,80.94231830642585,0.9276837796215409,13.399510965228615,2.8053252979831056,0.0690924408193437,false,false,false,false,false
21:12:54.942,18379.0,31.718636018756907,81.09593142531946,0.9276837796215409,14.439288918555704,3.3521829233858136,0.09945118384857152,false,false,false,false,false
21:12:55.025,18462.0,32.91207836119965,81.644688301369,0.925933432867538,14.555530859681319,5.514321446949438,0.03750759396305224,false,false,false,false,false
21:12:55.066,18503.0,33.52897661388874,82.04587348424919,0.9233079127365337,16.619102956778576,9.711848251300303,0.0,false,false,false,false,false
21:12:55.106,18543.0,34.15988329102056,82.59034752971063,0.9237454994250344,16.6484479713838,14.170101757116976,0.08751742116326605,false,false,false,false,false
21:12:55.143,18580.0,34.735829171797995,83.15362682200866,0.925933432867538,15.545609551241238,15.422644815506457,-0.02303110260788798,false,false,false,false,false
21:12:55.215,18652.0,35.95084665498713,84.49676504926956,0.9241830861135351,17.21946207889116,18.543157528101162,0.008580151363080567,false,false,false,false,false
21:12:55.271,18708.0,36.86122095350192,85.59114201142104,0.9246206728020359,17.035552645019315,20.286399433007034,3.1720796138129376E-15,false,false,false,false,false
21:12:55.313,18750.0,37.600205733991324,86.46470197521491,0.9289965396870432,18.219088106768563,20.864831150402328,0.1041877610084802,false,false,false,false,false
21:12:55.378,18815.0,38.67069875514957,87.80390337456413,0.9298717130640446,18.09161202694471,22.836362518036086,0.027349112606732347,false,false,false,false,false
21:12:55.433,18870.0,39.533344346475154,88.92306295491794,0.9281213663100416,15.718859537853064,20.69789970981833,-0.1411563709719273,false,false,false,false,false
21:12:55.479,18915.0,40.208207533899966,89.77722598094545,0.9272461929330401,14.189711201301439,19.10675579990521,-0.036465664602196114,false,false,false,false,false
21:12:55.532,18969.0,40.97000329639374,90.72767019472968,0.9206823926055291,14.7607583740197,18.776800274371862,-0.12502446154490687,false,false,false,false,false
21:12:55.608,19045.0,41.908327245891606,91.94022759420602,0.9154313523435204,12.611441581636091,16.297225738182835,-0.10342945537906113,false,false,false,false,false
21:12:55.646,19083.0,42.34617536723118,92.47196613763965,0.9149937656550197,13.145485524828041,15.639127216882772,-0.023030813606449846,false,false,false,false,false
21:12:55.683,19120.0,42.76599113659197,92.99102704278417,0.9167441124090225,12.114589604775352,15.034677725471857,0.046062205215781804,false,false,false,false,false
21:12:55.761,19197.0,43.52774618872368,93.96392019736145,0.9198072192285276,10.832012620835298,13.855576825220634,0.06563806587244676,false,false,false,false,false
21:12:55.816,19253.0,43.97089777779883,94.53709269804277,0.9193696325400269,8.376934842797453,11.149574522682917,-0.03646554385096241,false,false,false,false,false
21:12:55.854,19291.0,44.21659497721709,94.85632947803205,0.917619285786024,6.731477332614497,8.59618775412969,-0.06909244081936122,false,false,false,false,false
21:12:55.890,19327.0,44.44082931556277,95.12762534647376,0.9180568724745247,6.718436245590805,8.887219103942881,-0.025740454089248233,false,false,false,false,false
21:12:55.978,19414.0,44.78133026144702,95.40462132291154,0.9180568724745249,4.493399902776307,3.892686740397815,-0.01389164889570658,false,false,false,false,false
21:12:56.015,19452.0,44.83001567984976,95.40525437298167,0.9189320458515263,1.773932869565722,0.15742834472529488,0.043758710581621924,false,false,false,false,false
21:12:56.067,19504.0,44.820205037032174,95.38248834778662,0.9189320458515263,-0.08114587176290122,-0.4260270294632415,-3.581376274257164E-15,false,false,false,false,false
21:12:56.134,19571.0,44.84276361272799,95.37286978679397,0.9259334328675379,-0.34043529567777325,-0.7353715317598231,0.06909330782366394,false,false,false,false,false
21:12:56.172,19609.0,44.90960665605722,95.3941524769713,0.9324972331950488,1.739314971241894,0.5726214154545445,0.175034842326521,false,false,false,false,false
21:12:56.210,19647.0,44.983827410770985,95.41406944477272,0.9394986202110603,1.928364614480372,0.648920676375117,0.1944841885558703,false,false,false,false,false
21:12:56.252,19689.0,45.06728675726696,95.44259747559208,0.9500007007350779,2.1160188069338126,0.7582684185020638,0.2708851031780915,false,false,false,false,false
21:12:56.335,19772.0,45.222260344009435,95.51322568537095,0.9670665815866062,1.860841732047274,0.8748472679705935,0.2046775249852353,false,false,false,false,false
21:12:56.372,19809.0,45.301245983689874,95.54652006130456,0.9758183153566209,2.0804806172612897,0.8716175588553602,0.23030813606452183,false,false,false,false,false
21:12:56.411,19848.0,45.379164543402666,95.57740319516476,0.9850076358151361,2.2508003725911268,0.7454249127398346,0.2734911260673304,false,false,false,false,false
21:12:56.485,19922.0,45.50980966431143,95.6245892891221,1.0011983432896627,2.071253594225734,0.7071483255714933,0.25245363651175473,false,false,false,false,false
21:12:56.531,19968.0,45.59638513236123,95.64783084868137,1.0108252504366786,2.057561680948658,0.46724958444592257,0.21879315164352306,false,false,false,false,false
21:12:56.588,20025.0,45.708111466511426,95.67738672079754,1.023077677714699,1.8690748490872675,0.39361213175581344,0.19305340566933235,false,false,false,false,false
21:12:56.621,20057.0,45.770750331311106,95.69562731200561,1.0309542381077124,1.9671654505452123,0.7563735168641278,0.2431020156726519,false,false,false,false,false
21:12:56.683,20120.0,45.89334891168936,95.72405924141422,1.0453945988282363,2.1085488512653847,0.4498888318812297,0.25282743581813966,false,false,false,false,false
21:12:56.718,20155.0,45.94542549608739,95.74259407389401,1.0523959858442478,1.6062224087500767,0.8062429933897562,0.2187942981178021,false,false,false,false,false
21:12:56.759,20196.0,46.01289501370156,95.76994698778948,1.0607101329257616,1.77802105042849,0.5720168239973495,0.20056115531207172,false,false,false,false,false
21:12:56.839,20276.0,46.14249834963704,95.83214488311566,1.0769008404002887,1.8037171307852133,0.7726229998790689,0.22633759994147087,false,false,false,false,false
21:12:56.878,20315.0,46.21697850460771,95.86044960929202,1.0856525741703031,1.9237748756879587,0.6713530738694142,0.21879260446684523,false,false,false,false,false
21:12:56.918,20355.0,46.27778119057528,95.88966720795192,1.0944043079403176,1.3555258140289634,0.7957862615348481,0.1944816125381141,false,false,false,false,false
21:12:56.969,20406.0,46.363815942416025,95.91985610423289,1.104906388464335,1.777070187883429,0.6686973908454014,0.20511834455050648,false,false,false,false,false
21:12:57.043,20480.0,46.483277890576524,95.96445161471519,1.1202219225618604,1.6261909966114403,0.6544621508281457,0.2096775714626196,false,false,false,false,false
21:12:57.102,20539.0,46.59333109389819,95.99163866727704,1.1333495232168822,1.9756089931483884,0.4357355995578337,0.23094844438942755,false,false,false,false,false
21:12:57.142,20579.0,46.66646635731986,96.01069117519658,1.1421012569868967,1.9304386163628005,0.424691982747966,0.26255226348978705,false,false,false,false,false
21:12:57.209,20646.0,46.772435496146194,96.04186848746855,1.1561040310189201,1.9090678612960335,0.3452217411791196,0.25333894967098336,false,false,false,false,false
21:12:57.249,20686.0,46.823201951311766,96.05899543573553,1.1622302446579302,1.3542650856175076,0.49870518439321065,0.14586314141690582,false,false,false,false,false
21:12:57.290,20726.0,46.87953983975758,96.09363903826285,1.170106805050943,1.629689528465612,0.8461772066498057,0.2072773224580603,false,false,false,false,false
21:12:57.339,20776.0,46.96184287011582,96.13725731076252,1.1814840589519622,1.7978190701984877,0.8213757989877043,0.23868370345531031,false,false,false,false,false
21:12:57.417,20854.0,47.08814890211315,96.19951821325247,1.199425113180492,1.6078000868770932,0.6891938048868368,0.21466527609811584,false,false,false,false,false
21:12:57.468,20905.0,47.174813193066434,96.2465975663406,1.2103647803930102,1.5970961613013928,0.9061940607843357,0.2072773224580603,false,false,false,false,false
21:12:57.503,20940.0,47.237108941740935,96.27784675608514,1.2195541008515254,1.7726258415574003,0.843744090375393,0.2574045408924301,false,false,false,false,false
21:12:57.593,21030.0,47.41100399494447,96.33317332669586,1.240995848588061,1.8862413800251865,0.749576546587328,0.2406729081989733,false,false,false,false,false
21:12:57.650,21087.0,47.52077213421306,96.36577680243555,1.254123449243083,2.0666034310499106,0.630481683513003,0.25334053916890853,false,false,false,false,false
21:12:57.687,21124.0,47.58152602415584,96.38709919754466,1.2624375963245968,1.9617786508143396,0.5873891422902896,0.26741575926432937,false,false,false,false,false
21:12:57.729,21165.0,47.64783724783466,96.40708223412153,1.2707517434061109,1.9401004861307116,0.3783653400012278,0.18424650885162214,false,false,false,false,false
21:12:57.798,21234.0,47.760814095894844,96.44161202408057,1.2856296908151355,1.7479695997704345,0.4867333887081273,0.21432806550283695,false,false,false,false,false
21:12:57.839,21276.0,47.819193910892274,96.45907719802007,1.2939438378966495,1.4092873676018343,0.4570682798969633,0.2187947121253649,false,false,false,false,false
21:12:57.894,21331.0,47.900086706235896,96.49249757305952,1.3044459184206667,1.5547877074052274,0.7407204875569497,0.1892257591778148,false,false,false,false,false
21:12:57.965,21401.0,48.00179092742878,96.53978272589458,1.3193238658296915,1.7549143965837664,0.6897311134545572,0.20055916292993597,false,false,false,false,false
21:12:58.012,21449.0,48.07742959479494,96.58257604760001,1.329825946353709,1.6953735805131922,0.955828295430352,0.22633946075012587,false,false,false,false,false
21:12:58.056,21492.0,48.1413958923363,96.61959191959016,1.3390152668122246,1.702456098845954,0.819895964426632,0.21879355290817068,false,false,false,false,false
21:12:58.101,21538.0,48.207572428121054,96.65353035056464,1.3495173473362418,1.7171529782992334,0.7713974780244147,0.2500477875489986,false,false,false,false,false
21:12:58.189,21626.0,48.33753248097163,96.7109354998307,1.3661456414992696,1.4407921548277638,0.7029925205849353,0.1839132306400173,false,false,false,false,false
21:12:58.228,21665.0,48.3997209460804,96.73499155237661,1.374022201892283,1.6104675054658883,0.5868253816364405,0.21879355290815958,false,false,false,false,false
21:12:58.270,21707.0,48.46696525414868,96.74935314390889,1.3823363489737968,1.3181175782973078,0.38257666881940305,0.23031102607889148,false,false,false,false,false
21:12:58.336,21773.0,48.59353686754144,96.77455599258383,1.3963391230058202,2.2306250465305935,0.6546993069246229,0.25740093093310157,false,false,false,false,false
21:12:58.378,21815.0,48.670703443363784,96.78552222337777,1.4042156833988333,2.080113176548373,0.5055349713555731,0.20837315629083392,false,false,false,false,false
21:12:58.437,21874.0,48.77750658703487,96.79832204596464,1.4164681106768537,1.9321217178850365,0.2678832264300857,0.20663808182212134,false,false,false,false,false
21:12:58.475,21912.0,48.84938603579274,96.81769950011423,1.424344671069867,1.9976972991351896,0.5343271870638867,0.21879181410538917,false,false,false,false,false
21:12:58.551,21987.0,48.977638413547616,96.84475508334395,1.4396602051673923,1.6784798643922934,0.34930859573815765,0.21097931779915852,false,false,false,false,false
21:12:58.588,22025.0,49.03863376441308,96.85803410578417,1.4462240054949032,1.8803153513788022,0.5499592605322496,0.20727732245807198,false,false,false,false,false
21:12:58.628,22065.0,49.1024680271587,96.86831780695663,1.4541005658879165,1.6841043602043708,0.19307213220764569,0.17503345128430642,false,false,false,false,false
21:12:58.710,22147.0,49.238784947874855,96.89526611477365,1.470728860050944,1.635050418430932,0.34246553407951597,0.20592218872008441,false,false,false,false,false
21:12:58.751,22187.0,49.310308155207764,96.91542661360022,1.4790430071324578,1.8094940155345227,0.4225892765161104,0.21879355290815958,false,false,false,false,false
21:12:58.790,22227.0,49.37705110809642,96.93963910527233,1.4877947409024725,1.5006453418070544,0.5807165550066329,0.22921307421865433,false,false,false,false,false
21:12:58.829,22265.0,49.434036000950854,96.9621541550127,1.495233714606985,1.6216661254678608,0.7030293476821893,0.21879181410538917,false,false,false,false,false
21:12:58.897,22334.0,49.540991456161386,96.99354238696802,1.5079237285735059,1.6526152312687836,0.5058956512153365,0.19335233489828774,false,false,false,false,false
21:12:58.945,22382.0,49.60828540672869,97.02259794445033,1.5171130490320213,1.3555142954602366,0.5170978127629665,0.20420731604761708,false,false,false,false,false
21:12:58.982,22419.0,49.67028343976833,97.04045971433973,1.524552022736534,1.529760442491885,0.5868154390017061,0.1944841885558703,false,false,false,false,false
21:12:59.058,22495.0,49.8123601793721,97.07064810253738,1.542055490276563,1.7367362834779643,0.564510894050106,0.250050626420343,false,false,false,false,false
21:12:59.088,22525.0,49.87031954529127,97.08107511924652,1.5481817039155732,1.8859229453356048,0.5472895022108458,0.26255852337874225,false,false,false,false,false
21:12:59.119,22556.0,49.84609674950531,97.10851718375054,1.5573710243740884,0.4747017324530346,0.741008804503621,0.32818935128080207,false,false,false,false,false
21:12:59.165,22602.0,49.622624579997,97.122812707864,1.5687482782751072,-4.3196906187452795,0.3690125278319698,0.2565159466003306,false,false,false,false,false
21:12:59.228,22665.0,49.04366153979764,97.12872587446809,1.577500012045122,-8.790708562162177,0.3043107652766232,0.1458620374030325,false,false,false,false,false
21:12:59.258,22695.0,48.66780931900636,97.11975749062643,1.5810007055531279,-14.981068140986991,-0.5299014708915426,0.1875379698152612,false,false,false,false,false
21:12:59.295,22731.0,48.1408826079536,97.08096085527072,1.5840638123726332,-14.50586353718655,-0.6490878053861169,0.0729306047018005,false,false,false,false,false
21:12:59.358,22795.0,47.0943893639194,96.95477894963162,1.5880020925691398,-18.676546470054994,-2.3292163192998485,0.10098145460471214,false,false,false,false,false
21:12:59.406,22843.0,46.17722802617236,96.74568233301332,1.5923779594541472,-20.01360107566943,-4.491501985558865,0.09053503997658682,false,false,false,false,false
21:12:59.437,22874.0,45.609918468957275,96.59475199485948,1.5950034795851518,-19.314523133607857,-5.027556581263109,0.0875181166954488,false,false,false,false,false
21:12:59.481,22917.0,44.68725009086169,96.30113798255334,1.595878652962153,-21.645604236286125,-6.538278660761266,0.06732096973646337,false,false,false,false,false
21:12:59.553,22990.0,43.020697709747765,95.67703195891308,1.5967538263391545,-22.775991078345733,-8.023936964713815,-0.03805101323586715,false,false,false,false,false
21:12:59.588,23025.0,42.216080557764286,95.3428064577162,1.5985041730931573,-22.852784822855398,-9.427065269013116,0.08204733782021092,false,false,false,false,false
21:12:59.632,23069.0,41.152436707476944,94.83880877010718,1.5958786529621531,-24.980889648567548,-11.218112228402747,-0.0625121243151949,false,false,false,false,false
21:12:59.700,23137.0,39.468260861914644,94.00698081530123,1.5967538263391545,-23.937736664443428,-11.037054749442902,0.07722027927992263,false,false,false,false,false
21:12:59.740,23177.0,38.466138917679345,93.50635842941573,1.5950034795851515,-26.250480457329175,-13.913285296175312,-0.05834448376144534,false,false,false,false,false
21:12:59.773,23210.0,37.616746243813964,93.02551079644387,1.5945658928966508,-25.52866303728811,-13.962083144953109,0.027349112606732347,false,false,false,false,false
21:12:59.807,23244.0,36.747649585725625,92.54233515384969,1.5936907195196495,-25.674951575230747,-14.584461500671836,-0.07722136226773817,false,false,false,false,false
21:12:59.887,23324.0,34.54735067259566,91.30441603886744,1.5923779594541472,-27.46662465255448,-15.466835151726423,-0.0071735675231232605,false,false,false,false,false
21:12:59.928,23365.0,33.47030082278146,90.69101497886346,1.5915027860771458,-28.120441781609408,-15.641618632577943,0.07722136226773817,false,false,false,false,false
21:12:59.973,23410.0,32.394296654329175,90.00295576275491,1.5888772659461412,-26.970447545834023,-16.542359407664883,-0.1612156952451606,false,false,false,false,false
21:13:00.039,23475.0,31.22839762420819,89.25588164187589,1.5818758789301295,-22.51309651710272,-13.85814454792174,-0.11515406803226091,false,false,false,false,false
21:13:00.082,23519.0,30.7987797332201,88.99563687964044,1.5796879454876258,-11.749468242513851,-7.225273086625695,-0.017503400769861455,false,false,false,false,false
21:13:00.138,23575.0,30.654142704954268,88.90716597678636,1.5792503587991251,-3.941107908217701,-2.147609943661491,-0.02365337231280138,false,false,false,false,false
21:13:00.172,23609.0,30.718017598986716,88.97676420973532,1.57618725197962,1.427959213534383,1.6036614524584696,-0.12870227044622157,false,false,false,false,false
21:13:00.239,23676.0,31.084792758964795,89.36365375511866,1.5770624253566214,5.248272583862124,5.256578509767104,0.01902550661793116,false,false,false,false,false
21:13:00.276,23713.0,31.36706273215367,89.68996050478218,1.5753120786026187,6.840693009471363,8.059660655101476,-0.04862104713896449,false,false,false,false,false
21:13:00.314,23751.0,31.734609344743482,90.12745660773075,1.5739993185371164,9.463380919027962,11.384462118571898,-0.019890236769722378,false,false,false,false,false
21:13:00.394,23831.0,32.489540267276126,91.0489860873312,1.5713737984061122,9.710107196565152,11.8621332549864,-0.05646298263923155,false,false,false,false,false
21:13:00.433,23870.0,32.817859481862705,91.41587460955598,1.5704986250291106,10.061383752778253,10.923108558313308,-0.02303081360646153,false,false,false,false,false
21:13:00.478,23915.0,33.11047963059499,91.75838083392647,1.5696234516521093,7.627187513093465,9.159584730774922,-0.041675104403387855,false,false,false,false,false
21:13:00.516,23952.0,33.20298450483578,91.86652264728889,1.5704986250291106,3.4684622725309144,4.004253808084048,0.04862104713896449,false,false,false,false,false
21:13:00.589,24026.0,33.173735500609425,91.68608852193206,1.5731241451601148,0.23728152153502308,-1.3665299657614565,0.03978047353942457,false,false,false,false,false
21:13:00.644,24080.0,33.10456535806769,91.39731906435202,1.5739993185371164,-1.6415230111846288,-5.500911593161099,0.02500489230898518,false,false,false,false,false
21:13:00.676,24113.0,33.09044295315421,91.22591409760716,1.5753120786026185,-0.2864489587404299,-6.201266621007322,0.027349112606732347,false,false,false,false,false
21:13:00.754,24191.0,33.09228747119852,90.97941227676286,1.577937598733623,-0.2683264232333184,-4.422179769740229,0.025740454089254763,false,false,false,false,false
21:13:00.794,24231.0,33.09758831750127,90.92233048698732,1.5775000120451224,0.24666444062137743,-1.8592877138145505,-0.020837552201693928,false,false,false,false,false
21:13:00.831,24267.0,33.08556370549573,90.92224987656564,1.5775000120451224,-0.29860032436422385,-0.30263084929149653,0.0,false,false,false,false,false
21:13:00.877,24314.0,33.08919584343546,90.946325015953,1.5766248386681208,0.1714328102876587,0.5379887499899809,-0.015628164151278375,false,false,false,false,false
21:13:00.939,24376.0,33.09288014963268,90.96438411990084,1.5757496652911192,0.08772146059685969,0.4299780991529179,-0.02083743391472195,false,false,false,false,false
21:13:00.950,24386.0,33.08686778229184,90.96435433836668,1.5757496652911192,0.0,0.0,0.0,false,false,false,false,false
21:13:00.999,24436.0,33.088026542075625,90.95534130642861,1.57618725197962,0.06257524235838446,-0.16670538693378686,0.024310523569482247,false,false,false,false,false
21:13:01.051,24488.0,33.088026542075625,90.95534130642861,1.57618725197962,0.0,0.0,0.0,false,false,false,false,false
21:13:01.102,24539.0,33.08686910027186,90.96435385881244,1.5757496652911192,-0.05935037368088131,0.1579040321056571,-0.023030813606449846,false,false,false,false,false
21:13:01.147,24583.0,33.0879954475925,90.96135318060759,1.5761872519796198,0.046930810143953665,-0.12502738414269357,0.01823265117544704,false,false,false,false,false
21:13:01.157,24594.0,33.0879954475925,90.96135318060759,1.5761872519796198,0.0,0.0,0.0,false,false,false,false,false
21:13:01.210,24647.0,33.08799676557252,90.96135270105334,1.5761872519796198,-0.03318933514103608,-0.0912778602004227,-0.01326020574750939,false,false,false,false,false
21:13:01.234,24671.0,33.08799676557252,90.96135270105334,1.5761872519796198,0.0,0.0,0.0,false,false,false,false,false
21:13:01.259,24696.0,33.08799676557252,90.96135270105334,1.5761872519796198,0.0,0.0,0.0,false,false,false,false,false
21:13:01.302,24739.0,33.08799676557252,90.96135270105334,1.5761872519796198,0.0,0.0,0.0,false,false,false,false,false
21:13:01.310,24747.0,33.08799676557252,90.96135270105334,1.5761872519796198,0.0,0.0,0.0,false,false,false,false,false
